{"country.abw":"Aruba","country.afg":"Afghanistan","country.ago":"Angola","country.alb":"Albania","country.and":"Andorra","country.are":"United Arab Emirates","country.arg":"Argentina","country.arm":"Armenia","country.asm":"American Samoa","country.atg":"Antigua and Barbuda","country.aus":"Australia","country.aut":"Austria","country.aze":"Azerbaijan","country.bdi":"Burundi","country.bel":"Belgium","country.ben":"Benin","country.bfa":"Burkina Faso","country.bgd":"Bangladesh","country.bgr":"Bulgaria","country.bhr":"Bahrain","country.bhs":"Bahamas, The","country.bih":"Bosnia and Herzegovina","country.blr":"Belarus","country.blz":"Belize","country.bmu":"Bermuda","country.bol":"Bolivia","country.bra":"Brazil","country.brb":"Barbados","country.brn":"Brunei Darussalam","country.btn":"Bhutan","country.bwa":"Botswana","country.caf":"Central African Republic","country.can":"Canada","country.che":"Switzerland","country.chl":"Chile","country.chn":"China","country.civ":"Cote d'Ivoire","country.cmr":"Cameroon","country.cod":"Congo, Dem. Rep.","country.cog":"Congo, Rep.","country.col":"Colombia","country.com":"Comoros","country.cpv":"Cabo Verde","country.cri":"Costa Rica","country.cub":"Cuba","country.cuw":"Curacao","country.cym":"Cayman Islands","country.cyp":"Cyprus","country.cze":"Czechia","country.deu":"Germany","country.dji":"Djibouti","country.dma":"Dominica","country.dnk":"Denmark","country.dom":"Dominican Republic","country.dza":"Algeria","country.ecu":"Ecuador","country.egy":"Egypt, Arab Rep.","country.eri":"Eritrea","country.esp":"Spain","country.est":"Estonia","country.eth":"Ethiopia","country.fin":"Finland","country.fji":"Fiji","country.fra":"France","country.fro":"Faroe Islands","country.fsm":"Micronesia, Fed. Sts.","country.gab":"Gabon","country.gbr":"United Kingdom","country.geo":"Georgia","country.gha":"Ghana","country.gib":"Gibraltar","country.gin":"Guinea","country.gmb":"Gambia, The","country.gnb":"Guinea-Bissau","country.gnq":"Equatorial Guinea","country.grc":"Greece","country.grd":"Grenada","country.grl":"Greenland","country.gtm":"Guatemala","country.gum":"Guam","country.guy":"Guyana","country.hkg":"Hong Kong SAR, China","country.hnd":"Honduras","country.hrv":"Croatia","country.hti":"Haiti","country.hun":"Hungary","country.idn":"Indonesia","country.imn":"Isle of Man","country.ind":"India","country.irl":"Ireland","country.irn":"Iran, Islamic Rep.","country.irq":"Iraq","country.isl":"Iceland","country.isr":"Israel","country.ita":"Italy","country.jam":"Jamaica","country.jor":"Jordan","country.jpn":"Japan","country.kaz":"Kazakhstan","country.ken":"Kenya","country.kgz":"Kyrgyz Republic","country.khm":"Cambodia","country.kir":"Kiribati","country.kna":"St. Kitts and Nevis","country.kor":"Korea, Rep.","country.kwt":"Kuwait","country.lao":"Lao PDR","country.lbn":"Lebanon","country.lbr":"Liberia","country.lby":"Libya","country.lca":"St. Lucia","country.lie":"Liechtenstein","country.lka":"Sri Lanka","country.lso":"Lesotho","country.ltu":"Lithuania","country.lux":"Luxembourg","country.lva":"Latvia","country.mac":"Macao SAR, China","country.maf":"St. Martin (French part)","country.mar":"Morocco","country.mco":"Monaco","country.mda":"Moldova","country.mdg":"Madagascar","country.mdv":"Maldives","country.mex":"Mexico","country.mhl":"Marshall Islands","country.mkd":"North Macedonia","country.mli":"Mali","country.mlt":"Malta","country.mmr":"Myanmar","country.mne":"Montenegro","country.mng":"Mongolia","country.mnp":"Northern Mariana Islands","country.moz":"Mozambique","country.mrt":"Mauritania","country.mus":"Mauritius","country.mwi":"Malawi","country.mys":"Malaysia","country.nam":"Namibia","country.ncl":"New Caledonia","country.ner":"Niger","country.nga":"Nigeria","country.nic":"Nicaragua","country.nld":"Netherlands","country.nor":"Norway","country.npl":"Nepal","country.nru":"Nauru","country.nzl":"New Zealand","country.omn":"Oman","country.pak":"Pakistan","country.pan":"Panama","country.per":"Peru","country.phl":"Philippines","country.plw":"Palau","country.png":"Papua New Guinea","country.pol":"Poland","country.pri":"Puerto Rico","country.prk":"Korea, Dem. People's Rep.","country.prt":"Portugal","country.pry":"Paraguay","country.pse":"West Bank and Gaza","country.pyf":"French Polynesia","country.qat":"Qatar","country.rou":"Romania","country.rus":"Russian Federation","country.rwa":"Rwanda","country.sau":"Saudi Arabia","country.sdn":"Sudan","country.sen":"Senegal","country.sgp":"Singapore","country.slb":"Solomon Islands","country.sle":"Sierra Leone","country.slv":"El Salvador","country.smr":"San Marino","country.som":"Somalia","country.srb":"Serbia","country.ssd":"South Sudan","country.stp":"Sao Tome and Principe","country.sur":"Suriname","country.svk":"Slovak Republic","country.svn":"Slovenia","country.swe":"Sweden","country.swz":"Eswatini","country.sxm":"Sint Maarten (Dutch part)","country.syc":"Seychelles","country.syr":"Syrian Arab Republic","country.tca":"Turks and Caicos Islands","country.tcd":"Chad","country.tgo":"Togo","country.tha":"Thailand","country.tjk":"Tajikistan","country.tkm":"Turkmenistan","country.tls":"Timor-Leste","country.ton":"Tonga","country.tto":"Trinidad and Tobago","country.tun":"Tunisia","country.tur":"Turkiye","country.tuv":"Tuvalu","country.twn":"Taiwan, China","country.tza":"Tanzania","country.uga":"Uganda","country.ukr":"Ukraine","country.ury":"Uruguay","country.usa":"United States","country.uzb":"Uzbekistan","country.vct":"St. Vincent and the Grenadines","country.ven":"Venezuela, RB","country.vgb":"British Virgin Islands","country.vir":"Virgin Islands (U.S.)","country.vnm":"Vietnam","country.vut":"Vanuatu","country.wsm":"Samoa","country.xkx":"Kosovo","country.yem":"Yemen, Rep.","country.zaf":"South Africa","country.zmb":"Zambia","country.zwe":"Zimbabwe","country.afe":"Africa Eastern and Southern","country.afr":"Africa","country.afw":"Africa Western and Central","country.aia":"Anguilla","country.ant":"Netherlands Antilles","country.arb":"Arab World","country.atf":"French Southern Territories","country.bea":"East Asia & Pacific (IBRD-only countries)","country.bec":"Europe & Central Asia (IBRD-only countries)","country.bhi":"IBRD countries classified as high income","country.bla":"Latin America & the Caribbean (IBRD-only countries)","country.blx":"Belgium-Luxembourg","country.bmn":"Middle East & North Africa (IBRD-only countries)","country.bsa":"South Asia (IBRD-only countries)","country.bss":"Sub-Saharan Africa (IBRD-only countries)","country.cam":"Central America (developing only)","country.cas":"Central Asia (developing only)","country.cck":"Cocos (Keeling) Islands","country.ceb":"Central Europe and the Baltics","country.cfr":"Central Africa (developing only)","country.chi":"Channel Islands","country.cmm":"Commodity importers","country.cmx":"Commodity exporters","country.cok":"Cook Islands","country.crb":"Caribbean (developing only)","country.csk":"Czechoslovakia (former)","country.css":"Caribbean small states","country.cte":"Canton and Enderbury Islands","country.cxr":"Christmas Island","country.dac":"Development Assistance Committee members","country.ddr":"German Democratic Republic (former)","country.dea":"East Asia & Pacific (IDA-eligible countries)","country.dec":"Europe & Central Asia (IDA-eligible countries)","country.dfa":"Germany, Fed. Rep. (former)","country.dfs":"IDA countries classified as fragile situations","country.dla":"Latin America & the Caribbean (IDA-eligible countries)","country.dmn":"Middle East & North Africa (IDA-eligible countries)","country.dnf":"IDA countries not classified as Fragile Situations","country.dsa":"South Asia (IDA-eligible countries)","country.dss":"Sub-Saharan Africa (IDA-eligible countries)","country.dve":"Diversified economy","country.eap":"East Asia & Pacific (excluding high income)","country.ear":"Early-demographic dividend","country.eas":"East Asia & Pacific","country.eca":"Europe & Central Asia (excluding high income)","country.ecs":"Europe & Central Asia","country.eer":"Eastern Europe (developing only)","country.emu":"Euro area","country.esa":"East and Southern Africa (developing only)","country.esh":"Western Sahara","country.ess":"Eastern Asia (developing only)","country.eur":"Euro zone","country.euu":"European Union","country.fcs":"Fragile and conflict affected situations","country.fcv":"Countries affected by fragility, conflict, and violence","country.flk":"Falkland Islands","country.fti":"Global Partnership for Education","country.gca":"UN MDG Caucasus and Central Asia","country.gcr":"UN MDG Caribbean","country.gdc":"UN MDG Developed regions","country.gdr":"UN MDG Developing regions","country.gea":"UN MDG Eastern Asia","country.gex":"UN MDG Eastern Asia excluding China","country.gla":"UN MDG Latin America","country.glc":"UN MDG Latin America and the Caribbean","country.glp":"Guadeloupe","country.gnf":"UN MDG Northern Africa","country.goc":"UN MDG Oceania","country.gsa":"UN MDG Southern Asia","country.gse":"UN MDG South-eastern Asia","country.gss":"UN MDG Sub-Saharan Africa","country.gsx":"UN MDG Southern Asia excluding India","country.guf":"French Guiana","country.gwa":"UN MDG Western Asia","country.gwl":"UN MDG World","country.gzs":"Gaza Strip","country.hic":"High income","country.hmd":"Heard Island and McDonald Islands","country.hpc":"Heavily indebted poor countries (HIPC)","country.ibb":"IBRD, including blend","country.ibd":"IBRD only","country.ibt":"IDA & IBRD total","country.ida":"IDA total","country.idb":"IDA blend","country.idg":"IDA graduates","country.idh":"IDA borrowers (historical)","country.idx":"IDA only","country.ifs":"IDA & IBRD countries classified as fragile situations","country.jtn":"Johnston Island","country.lac":"Latin America & Caribbean (excluding high income)","country.lcn":"Latin America & Caribbean","country.ldc":"Least developed countries: UN classification","country.lic":"Low income","country.llc":"Landlocked developing countries: UN Classification","country.lmc":"Lower middle income","country.lmy":"Low & middle income","country.lte":"Late-demographic dividend","country.lwi":"Leeward Islands","country.mde":"Middle East (developing only)","country.mea":"Middle East & North Africa","country.mic":"Middle income","country.mid":"Midway Islands","country.mix":"Middle income, excluding China & India","country.mna":"Middle East & North Africa (excluding high income)","country.msr":"Montserrat","country.mtq":"Martinique","country.myt":"Mayotte","country.nac":"North America","country.naf":"North Africa","country.nfk":"Norfolk Island","country.niu":"Niue","country.nrb":"Natural resource based economy","country.oed":"OECD members","country.oss":"Other small states","country.pac":"Pacific (developing only)","country.pci":"Pacific Islands, Trust Terr. (former)","country.pcn":"Pitcairn Island","country.pcz":"Panama Canal Zone","country.pmy":"Peninsular (West) Malaysia","country.pre":"Pre-demographic dividend","country.pss":"Pacific island small states","country.pst":"Post-demographic dividend","country.reu":"Réunion","country.sam":"South America (developing only)","country.sas":"South Asia","country.sax":"South Asia, excluding India","country.sbh":"Sabah (Part of East Malaysia)","country.sdc":"Southern African Development Community","country.sea":"South-Eastern Asia (developing only)","country.ser":"Southern Europe (developing only)","country.sgs":"South Georgia and the South Sandwich Islands","country.shn":"St. Helena","country.sid":"Small island developing States: UN Classification","country.sjm":"Svalbard and Jan Mayen Islands","country.sna":"Spanish Sahara (former)","country.spm":"St. Pierre and Miquelon","country.ssa":"Sub-Saharan Africa (excluding high income)","country.ssb":"Small states: IBRD only","country.ssf":"Sub-Saharan Africa","country.ssh":"Small states: High income","country.ssi":"Small states: IDA eligible (only and blend)","country.sst":"Small states","country.sun":"USSR (former)","country.swk":"Sarawak (Part of East Malaysia)","country.tea":"East Asia & Pacific (IDA & IBRD)","country.tec":"Europe & Central Asia (IDA & IBRD)","country.tkl":"Tokelau","country.tla":"Latin America & Caribbean (IDA & IBRD)","country.tmn":"Middle East & North Africa (IDA & IBRD)","country.tsa":"South Asia (IDA & IBRD)","country.tss":"Sub-Saharan Africa (IDA & IBRD)","country.umc":"Upper middle income","country.waf":"West Africa (developing only)","country.wak":"Wake Island","country.wld":"World","country.wlf":"Wallis and Futuna","country.wtb":"West Bank","country.wwi":"Windward Islands","country.ysr":"Yugoslavia (former)","country.yug":"Serbia and Montenegro"}